algorithm,seed,episode,cumulative_steps,eval_return,eval_return_std,eval_success_rate,eval_episode_length
Q-Learning,0,1,200,-790.18,114.99488719779089,0.02,197.68
Q-Learning,0,30,5871,-351.64,351.89433478978157,0.02,196.9
Q-Learning,1,1,200,-773.96,85.89503798835185,0.02,198.74
Q-Learning,1,30,5851,-460.1,366.78366253425304,0.0,200.0
Expected SARSA,0,1,200,-780.46,148.0160236775266,0.04,194.5
Expected SARSA,0,30,5886,-405.74,395.2772114321176,0.0,200.0
Expected SARSA,1,1,200,-773.96,85.89503798835185,0.02,198.74
Expected SARSA,1,30,5748,-472.34,393.0284099405642,0.0,200.0
